{
  "project_info": {
    "project_number": "398021351393",
    "firebase_url": "https://gogrub-f3539.firebaseio.com",
    "project_id": "gogrub-f3539",
    "storage_bucket": "gogrub-f3539.appspot.com"
  },
  "client": [
    {
      "client_info": {
        "mobilesdk_app_id": "1:398021351393:android:fa82efb0f76cf948",
        "android_client_info": {
          "package_name": "com.app.gogrub"
        }
      },
      "oauth_client": [
        {
          "client_id": "398021351393-p1jh40gq2i48vla1li2begrdlmfca9sc.apps.googleusercontent.com",
          "client_type": 1,
          "android_info": {
            "package_name": "com.app.gogrub",
            "certificate_hash": "15e798152e5c7630b062f82b55c742a54ee6918e"
          }
        },
        {
          "client_id": "398021351393-3rk86gvm35a8k88vv3lsr0soc54s7r2t.apps.googleusercontent.com",
          "client_type": 3
        }
      ],
      "api_key": [
        {
          "current_key": "AIzaSyAExF1Vyf0bCq1KAMz0r1fFowgNKm7U8jg"
        }
      ],
      "services": {
        "analytics_service": {
          "status": 1
        },
        "appinvite_service": {
          "status": 2,
          "other_platform_oauth_client": [
            {
              "client_id": "398021351393-3rk86gvm35a8k88vv3lsr0soc54s7r2t.apps.googleusercontent.com",
              "client_type": 3
            }
          ]
        },
        "ads_service": {
          "status": 2
        }
      }
    }
  ],
  "configuration_version": "1"
}