{
  "authHost": "http://gogrub.docs",
  "authEndpoint": "/broadcasting/auth",
  "clients": [
    {
      "appId": "9f8011555df03945",
      "key": "0e5c0b82f05b94c328b8e46fdf89a683"
    }
  ],
  "database": "redis",
  "databaseConfig": {
    "redis": {},
    "sqlite": {
      "databasePath": "/database/laravel-echo-server.sqlite"
    }
  },
  "devMode": true,
  "host": null,
  "port": "6001",
  "protocol": "http",
  "socketio": {},
  "sslCertPath": "",
  "sslKeyPath": "",
  "sslCertChainPath": "",
  "sslPassphrase": "",
  "subscribers": {
    "http": true,
    "redis": true
  },
  "apiOriginAllow": {
    "allowCors": true,
    "allowOrigin": "*",
    "allowMethods": "*",
    "allowHeaders": "*"
  }
}